"BORROWER_ID","AGE_OF_RELATION_MONTHS","TOTAL_NO_OF_LOANS","TOTAL_LOAN_AMOUNT"
"STK2044462",42,1,164850
"STK2371847",42,1,227570
"STK2367657",42,1,150400
"STK2369235",42,1,148750
"STK1008451",42,2,419358.43
"STK2292781",42,1,164850
"STK1207594",42,1,96600
"STK1680503",42,1,361000
"STK2379582",42,1,88250
"STK2378749",42,3,349000
"STK2277611",45,3,343850
"STK2376895",42,1,122500
"STK2367588",42,1,148500
"STK2379320",42,1,173495
"STK2362958",42,1,69900
"STK2363887",42,1,120900
"STK2374138",42,1,173495
"STK2361593",42,1,164430
"STK2371946",42,1,145000
"STK2365609",42,1,138250
"STK2361749",42,1,165500
"STK2333467",42,1,162800
"STK2368434",42,1,95130
"STK1431125",42,1,160905
"STK2367906",42,1,289000
"STK1520915",42,1,164999
"STK2385009",42,1,156500
"STK2389629",42,1,139510
"STK2388354",42,1,173350
"STK2384342",42,1,470000
"STK2387265",42,1,138810
"STK1852118",42,1,115099
"STK2327327",42,1,164465
"STK2378236",42,1,413900
"STK2366316",42,1,164800
"STK1591596",42,1,167999
"STK2376967",42,1,172350
"STK2376048",42,1,118300
"STK2365269",42,1,95000
"STK2362507",42,1,150850
"STK2365610",42,1,164815
"STK2367669",42,1,110600
"STK2366724",42,1,163350
"STK2372770",42,1,213130
"STK2371275",42,1,95130
"STK2378213",42,1,99100
"STK2375198",42,1,290500
"STK2368129",42,1,233500
"STK2379355",42,2,318000
"STK2366734",42,1,174965
"STK2367153",42,1,164000
"STK1815365",42,1,275660
"STK2370834",42,1,307900
"STK2377829",42,1,164500
"STK2371136",42,1,162000
"STK2385300",42,1,249500
"STK1352629",42,1,173495
"STK2384829",42,1,76500
"STK2221859",46,2,430895.38
"STK2358344",42,1,173495
"STK2365568",42,1,192400
"STK2365192",42,2,1047600
"STK2370513",42,1,147480
"STK2368845",42,1,174965
"STK2378449",42,1,234500
"STK2365540",42,1,173600
"STK2366619",42,1,164850
"STK2372034",42,1,150850
"STK2361772",42,1,164850
"STK2379483",42,1,238000
"STK1007343",42,1,145900
"STK2351437",42,1,219275
"STK2377382",41,1,51400
"STK2048184",42,1,173500
"STK2368881",42,1,300000
"STK2370722",42,1,164850
"STK2375291",42,1,162400
"STK2377192",42,1,307930
"STK951941",42,1,125000
"STK870144",73,2,242000
"STK1327920",42,1,161000
"STK1691297",42,1,174950
"STK2368717",42,1,147000
"STK2380624",42,1,132930
"STK1100489",42,1,156551
"STK2372404",42,1,174965
"STK2368412",42,1,132800
"STK2372027",42,1,149300
"STK2377243",42,1,139510
"STK2368982",42,1,139510
"STK2318213",42,1,174950
"STK2382712",42,2,169000
"STK2384054",42,1,108400
"STK2389097",42,1,159599
"STK2383838",42,1,470000
"STK2387000",42,1,167230
"STK2388534",42,2,615830
"STK2387106",42,2,221310
"STK2380723",42,1,143499
"STK2389770",42,1,82600
"STK2384971",42,1,125000
"STK2381010",42,1,164850
"STK2382391",42,1,145000
"STK167285",42,1,137000
"STK2372143",42,1,302295
"STK2368016",42,1,174965
"STK2281291",42,2,238000
"STK2365410",42,1,266400
"STK2378238",42,1,167230
"STK2375335",42,1,126499
"STK2368012",42,1,149660
"STK2372974",42,1,100000
"STK2370638",42,1,303500
"STK2369829",42,1,164500
"STK2377119",42,1,174965
"STK2366611",42,1,164850
"STK2365694",42,1,100000
"STK1423180",42,1,164850
"STK2377035",42,1,110000
"STK2369421",42,1,164850
"STK2371427",42,1,164500
"STK2065276",42,2,385300
"STK2365856",42,1,138250
"STK2365373",42,1,139999
"STK2369181",42,1,147000
"STK2384832",42,1,300510
"STK2388380",42,1,147500
"STK2087279",42,1,164800
"STK2386073",42,1,122500
"STK2381247",42,1,164550
"STK2380534",42,2,525407
"STK2379945",42,1,164850
"STK2381671",42,1,162000
"STK2383465",42,1,98038
"STK2365971",42,3,433570
"STK2367246",42,1,99800
"STK2253043",42,1,160200
"STK2376165",42,1,164850
"STK2375230",42,2,214500
"STK2375557",42,1,145400
"STK2369365",42,1,148750
"STK2375187",42,1,129100
"STK2366736",42,2,274850
"STK2371820",42,1,164500
"STK2371461",42,1,120000
"STK2368804",42,2,299495
"STK2044152",42,2,234330
"STK1263591",42,1,227000
"STK2370491",42,1,147000
"STK978046",42,1,221600
"STK1944651",42,1,132900
"STK2367326",42,1,290500
"STK1749132",42,1,146999.3
"STK2326920",42,1,170200
"STK2370569",42,1,150000
"STK2377678",42,1,164850
"STK2379290",42,3,486620
"STK2375708",42,1,98468
"STK2371789",42,1,219800
"STK2369903",42,1,154000
"STK2374346",42,1,145900
"STK2370540",42,1,161350
"STK1779148",42,1,179100
"STK2376188",42,2,267230
"STK2377388",42,1,164500
"STK2384862",42,1,164500
"STK1291220",42,1,122500
"STK2386513",42,1,148750
"STK1437794",42,1,146499
"STK2382316",42,1,159200
"STK2387282",42,1,167230
"STK2383252",42,2,165000
"STK2381987",42,1,174965
"STK1026482",42,1,146999
"STK317402",42,1,173495
"STK2389915",42,1,290500
"STK2374381",42,1,162750
"STK2366693",42,1,264900
"STK2331734",42,1,154090
"STK2379250",42,1,140300
"STK2368980",42,2,499800
"STK1758563",42,1,152000
"STK2379357",42,1,110500
"STK2376164",42,1,272400
"STK2380041",42,1,164000
"STK1425907",42,1,122000
"STK1001998",42,1,173495
"STK2374211",42,1,135000
"STK852240",42,1,111930
"STK2324840",42,1,146999.3
"STK2379234",42,1,238000
"STK2369679",42,1,100850
"STK2375348",42,1,164500
"STK2376979",42,2,275400
"STK1688950",42,1,146999
"STK1767831",42,1,267750
"STK2366401",42,1,164850
"STK2373419",42,1,183190
"STK2380644",42,1,124600
"STK2370986",42,1,138810
"STK2370427",42,1,100100
"STK2365729",42,1,227430
"STK2367682",42,1,138000
"STK2027167",64,4,847765.14
"STK2312025",42,1,125000
"STK2370271",42,2,313688
"STK2373156",42,1,164000
"STK2371620",42,1,164850
"STK2379377",42,1,157000
"STK2369872",42,1,118999
"STK461410",42,1,158000
"STK2366258",42,1,227430
"STK2376175",42,1,155450
"STK2387311",42,2,583190
"STK2384769",42,1,164500
"STK2381961",42,2,354500
"STK2048288",42,1,165000
"STK2044927",42,1,244300
"STK2365889",42,1,227570
"STK2365450",42,1,164500
"STK1074608",42,1,164800
"STK1359825",42,1,164850
"STK2379732",42,1,216999
"STK1557784",42,1,164850
"STK2367581",42,1,164000
"STK2370863",42,2,216500
"STK2378603",42,1,146930
"STK2370925",42,1,218750
"STK2365434",42,1,164850
"STK2375225",42,2,307570
"STK2379367",42,2,270165
"STK2379509",42,1,103500
"STK2368890",42,1,110600
"STK2371119",42,1,165600
"STK2370808",42,1,96930
"STK2372775",42,1,300500
"STK2375747",42,1,150800
"STK2379227",42,1,226500
"STK182211",41,1,1500000
"STK2376073",42,2,588100
"STK2233750",42,1,221544
"STK2363190",42,1,199900
"STK2376000",42,1,164000
"STK2365514",42,1,216999
"STK2372534",42,1,167200
"STK2377098",42,1,114150
"STK2381818",42,1,100100
"STK2379193",42,1,164800
"STK2384318",42,1,164850
"STK1453796",42,1,100000
"STK2382400",42,1,99400
"STK2383276",42,1,164850
"STK2381955",42,1,114000
"STK278667",42,1,150150
"STK2383521",42,2,498000
"STK2387047",42,2,286550
"STK1746302",42,1,138810
"STK217163",42,1,100000
"STK2258980",42,1,164850
"STK2372076",42,1,224000
"STK37993",254,2,168800
"STK2339455",42,1,139510
"STK2361118",42,1,82500
"STK1963792",52,4,345000
"STK2367315",42,1,157500
"STK2372202",42,1,164850
"STK370966",102,2,209000
"STK338824",42,1,177240
"STK2378754",42,1,164850
"STK2373968",42,1,99000
"STK2365605",42,2,299250
"STK2367166",42,1,137920
"STK2379224",42,1,131430
"STK2379329",42,1,173495
"STK297028",42,1,139510
"STK2376070",42,1,70600
"STK1823270",42,1,164465
"STK2372868",42,1,201400
"STK2364616",42,1,160230
"STK2372456",42,1,159499
"STK2369619",42,1,209900
"STK2372025",42,1,100100
"STK2366723",42,1,138810
"STK2373903",42,1,227550
"STK2375266",42,1,173495
"STK2375957",42,1,206400
"STK2370972",42,1,161800
"STK2368815",42,1,267500
"STK2375810",42,1,166000
"STK2304491",44,2,720000
"STK2387177",42,1,164500
"STK2385229",42,1,146000
"STK177592",133,3,352200
"STK2367968",42,1,167230
"STK1207743",42,2,293495
"STK2375470",42,1,173495
"STK93759",42,2,227500
"STK2367840",42,1,102000
"STK1360709",42,1,185500
"STK2370268",42,1,73400
"STK2368176",42,1,146000
"STK2371072",42,1,143499
"STK2379260",42,2,260700
"STK2104915",42,2,373500
"STK2368960",42,1,183200
"STK2376594",42,1,130500
"STK2370226",42,1,164850
"STK2366047",42,1,114500
"STK2375768",42,2,248000
"STK2376758",42,2,296850
"STK2376558",42,1,164400
"STK2366722",42,1,139761
"STK2367005",42,2,364500
"STK2034337",63,2,352000
"STK2372956",42,1,146450
"STK232098",42,1,164850
"STK2368250",42,3,437330
"STK1957313",42,1,144600
"STK2376026",42,1,164800
"STK2373492",42,1,171150
"STK2378799",42,1,132930
"STK1749132",42,1,146999.3
"STK2365455",42,1,231000
"STK2371933",42,1,229900
"STK2369858",42,1,95100
"STK2377180",42,1,118999
"STK2367797",42,1,94500
"STK2338825",42,1,152250
"STK1089008",47,2,1118750
"STK2369355",42,1,164850
"STK2377084",42,1,255493
"STK2383037",42,1,255493
"STK2389832",42,1,154250
"STK2385006",42,1,219000
"STK2382808",42,1,216000
"STK2381256",42,1,145000
"STK2384774",42,1,257100
"STK2382415",42,1,145000
"STK2355148",42,2,210000
"STK2366373",42,1,164850
"STK2298187",42,1,300000
"STK2365211",42,1,125930
"STK1423571",42,2,290280.99
"STK2366281",42,1,108050
"STK2379750",42,1,164500
"STK2365262",42,1,160230
"STK2373376",42,1,227430
"STK2365357",42,1,130800
"STK2366743",42,1,103950
"STK1507413",42,1,125900
"STK2344859",42,3,2553187.09
"STK2379543",42,1,122500
"STK1771138",42,1,151000
"STK2370588",42,1,113000
"STK2367440",42,1,255500
"STK2369605",42,1,307930
"STK2367018",42,1,128800
"STK2386982",42,1,227570
"STK2382177",42,1,139510
"STK2381153",42,1,146499
"STK1324411",42,1,164850
"STK1101579",42,1,161400
"STK2384823",42,1,110600
"STK2386101",42,1,98630
"STK1979178",62,2,321640
"STK2382157",42,1,132930
"STK2384684",42,1,125999
"STK2356252",42,1,255500
"STK2007814",60,2,410000
"STK2365253",42,1,159900
"STK1426988",42,1,173495
"STK2177192",42,1,182000
"STK2372611",42,1,164000
"STK2370164",42,1,122430
"STK2367826",42,1,100100
"STK2377067",42,1,109550
"STK2366203",42,1,164850
"STK2374327",42,1,138800
"STK2375694",42,1,122200
"STK1903858",56,2,280000
"STK2374594",42,1,98630
"STK2379340",42,1,164000
"STK2365903",42,1,65693
"STK2380634",42,1,139900
"STK1583217",42,1,122500
"STK698645",81,3,520240
"STK531773",88,2,391000
"STK1592574",42,1,167230
"STK2373313",42,1,128500
"STK2356611",42,1,164800
"STK1619227",42,1,164800
"STK2370492",42,2,305188.79
"STK2370439",42,4,2435100
"STK2369940",42,1,129900
"STK2369693",42,1,95100
"STK945609",42,1,112377.57
"STK2363087",42,2,964850
"STK2356933",42,1,234500
"STK2383848",42,1,159250
"STK2381103",42,1,167930
"STK2386094",42,1,122500
"STK2383363",42,1,161000
"STK2389112",42,1,160930
"STK1523778",42,1,234500
"STK2360667",42,1,106491
"STK2365188",42,1,307900
"STK2371138",42,1,132700
"STK2376052",42,1,167230
"STK2358930",42,1,57000
"STK321609",106,4,1154500
"STK2039048",42,1,105000
"STK2371980",42,1,185100
"STK2376821",42,1,143000
"STK2373473",42,1,107350
"STK2366443",42,1,139310
"STK2371073",42,1,95130
"STK2371626",42,1,164500
"STK2366358",42,6,711350
"STK2361910",42,1,119500
"STK2367773",42,2,182500
"STK2357651",42,1,45000
"STK1547866",68,6,1736404
"STK2370865",42,1,163200
"STK2376907",42,1,260000
"STK1259102",42,1,102000
"STK2380600",42,1,189000
"STK2371924",42,2,510500
"STK2373230",42,1,300500
"STK2372070",42,1,149660
"STK2251671",42,2,234700
"STK2362591",42,2,289850
"STK2365972",42,1,131500
"STK2236000",42,1,175000
"STK2381944",42,3,492000
"STK2383329",42,1,183190
"STK2386412",42,2,242000
"STK2380993",42,1,89400
"STK2385962",42,2,303495
"STK861241",42,1,164850
"STK2384325",42,1,156000
"STK2388385",42,1,164710
"STK2384233",42,1,103800
"STK2387536",42,1,138800
"STK2193650",42,1,171150
"STK2372334",42,2,337950
"STK974551",46,2,201400
"STK882900",42,1,139510
"STK2361977",42,1,100000
"STK1946162",42,1,146100
"STK2377533",42,1,122500
"STK2372867",42,2,277700
"STK2033902",42,2,539000
"STK2363251",42,1,161200
"STK1213393",42,1,147630
"STK921192",42,1,167200
"STK2364495",42,1,136430
"STK2376959",42,1,164850
"STK2373487",42,1,139500
"STK2380542",42,1,122500
"STK2379772",42,1,283850
"STK2367530",42,2,329870
"STK2376104",42,1,162000
"STK136214",179,2,168499.3
"STK2373849",42,1,138810
"STK2370571",42,1,307930
"STK2367329",42,1,164800
"STK2369955",42,1,93500
"STK2344867",42,2,229900
"STK2373255",42,1,139510
"STK2368319",42,1,169050
"STK685224",42,1,164850
"STK2361560",42,1,142712.5
"STK2384696",42,1,340000
"STK2371895",42,1,202950
"STK2387060",42,1,173495
"STK2390123",42,1,307930
"STK2389423",42,1,227570
"STK2384162",42,1,122300
"STK579534",42,2,281700
"STK559793",42,1,80000
"STK2255316",42,1,80000
"STK2363487",42,1,164800
"STK2373002",42,1,138800
"STK2366124",42,2,249852
"STK1158689",42,1,87500
"STK2357403",43,5,914850
"STK566060",42,1,132900
"STK2365705",42,1,126000
"STK2368147",42,1,150800
"STK2367191",42,1,148700
"STK2367743",42,1,164800
"STK2363387",42,1,300300
"STK2367174",42,1,138800
"STK2377148",42,2,275900
"STK2368997",42,1,167230
"STK2362498",42,1,87500
"STK2377866",42,1,119000
"STK2366750",42,2,299495
"STK2378377",42,1,174350
"STK2367663",42,1,138000
"STK2370067",42,2,331600
"STK1829185",42,1,146999
"STK2381789",42,1,117600
"STK2387155",42,1,278600
"STK2388793",42,1,167230
"STK2019246",42,3,598000
"STK2384490",42,1,127000
"STK2384922",42,1,138300
"STK2383100",42,1,112000
"STK2382752",42,1,140000
"STK2383398",42,1,90000
"STK2382002",42,2,794850
"STK2384533",42,2,180200
"STK2389224",42,1,101000
"STK2386053",42,1,164500
"STK2382351",42,1,164850
"STK880393",73,4,2160323
"STK2374096",42,1,112951.49
"STK2364685",42,1,102500
"STK1171571",42,1,139300
"STK2370794",42,1,104050
"STK2374109",42,1,146999
"STK2374204",42,2,486500
"STK2374362",42,1,214300
"STK129435",189,3,2614850
"STK2377366",42,1,146499
"STK2358721",42,1,164000
"STK579223",62,2,463000
"STK2377851",42,1,173495
"STK2373503",42,1,131000
"STK1439434",42,2,292250
"STK2367301",42,1,100000
"STK1972294",64,4,700580
"STK2362838",42,1,134499
"STK2380609",42,1,167230
"STK2375596",42,1,119329
"STK2378393",42,1,154000
"STK2374696",42,1,146999
"STK2365087",42,1,164499
"STK2377894",42,1,98700
"STK2366594",42,1,121600
"STK2372675",42,1,158700
"STK2389623",42,1,138800
"STK2384395",42,1,148700
"STK2388013",42,1,99500
"STK332169",106,2,417230
"STK2383382",42,1,174950
"STK714073",42,1,164500
"STK2389369",42,1,290500
"STK2380935",42,1,122500
"STK1105949",42,1,132930
"STK1704572",42,1,130000
"STK2343411",42,2,298829.48
"STK2348431",42,1,50000
"STK2365372",42,1,125999.3
"STK2362396",42,1,80600
"STK2365783",42,1,134000
"STK2367358",42,1,127990
"STK2369796",42,2,219300
"STK2366578",42,1,172850
"STK1428972",42,1,118500
"STK2380534",42,2,525407
"STK2352732",42,1,227570
"STK2369311",42,3,503000
"STK2380204",42,1,238000
"STK159774",42,1,122500
"STK2364651",42,2,349500
"STK2375263",42,1,102500
"STK2370816",42,1,125999.3
"STK2366075",42,1,149660
"STK2365367",42,1,183855
"STK2369604",42,1,219275
"STK2048184",42,1,173500
"STK2374889",42,3,347950
"STK2377877",42,1,117600
"STK2380889",42,1,176050
"STK2386467",42,1,129900
"STK2201004",42,2,227499
"STK2382529",42,2,272550
"STK2386324",42,1,255493
"STK2383367",42,1,146999
"STK2386069",42,1,114000
"STK2387069",42,2,393925
"STK1630256",42,1,120000
"STK2390104",42,1,122500
"STK2381411",42,1,234990
"STK2386723",42,2,240000
"STK2385237",42,2,892400
"STK2383554",42,1,122300
"STK2360720",42,1,121030
"STK2373383",42,1,149660
"STK2371729",42,1,95130
"STK2369589",42,1,148750
"STK2377445",42,1,145000
"STK2377770",42,1,148500
"STK2367250",42,1,170590
"STK2373448",42,1,173350
"STK2370878",42,1,103950
"STK2380748",42,1,99400
"STK2375661",42,1,173495
"STK2366604",42,2,323470
"STK2366550",42,1,140000
"STK2373063",42,1,117000
"STK2374195",42,2,267150
"STK2377083",42,1,169050
"STK2363191",42,1,164850
"STK2365344",42,2,333112.7
"STK2366668",42,2,401500
"STK2371793",42,2,449430
"STK2366871",42,1,103950
"STK2374814",42,1,162000
"STK2370952",42,1,226600
"STK1113715",42,1,183855
"STK1630197",42,1,149300
"STK2384004",42,1,259000
"STK2388693",42,1,139510
"STK1199003",42,1,164850
"STK1577204",42,1,81000
"STK2350748",42,1,226600
"STK2388464",42,1,169000
"STK2386822",42,1,99800
"STK1019340",42,2,300210
"STK2379163",42,1,164800
"STK2353360",42,1,110600
"STK2368696",42,1,111499
"STK2373628",42,2,283350
"STK2371868",42,1,129500
"STK938880",42,3,330200
"STK1983921",66,2,305930
"STK2371866",42,2,293800
"STK2368102",42,1,162000
"STK2365334",42,1,284550
"STK2368236",42,1,164350
"STK2378269",42,1,114000
"STK2365926",42,1,146000
"STK2375402",42,1,234600
"STK2377297",42,2,202500
"STK2368907",42,1,283850
"STK2356324",42,1,226068
"STK2367067",42,1,137000
"STK2369883",42,1,156000
"STK2372259",42,1,109900
"STK2368602",42,1,142200
"STK2385565",42,1,150850
"STK2385444",42,1,127000
"STK2382892",42,2,473565.8
"STK2380829",42,1,173495
"STK1611340",42,1,164500
"STK2382695",42,2,329700
"STK2383335",42,1,164850
"STK2383549",42,1,140400
"STK2385308",42,1,130000
"STK1771638",42,2,284000
"STK2358640",42,1,199500
"STK2342024",42,1,73200
"STK2374726",42,1,200000
"STK2371813",42,1,137000
"STK2361591",42,1,164500
"STK2047810",42,1,164850
"STK2375303",42,1,147100
"STK2374424",42,1,290500
"STK1798164",42,1,167999
"STK2368822",42,1,160500
"STK2371955",42,1,138810
"STK2378400",42,1,110600
"STK2371054",42,1,219000
"STK2368104",42,1,164850
"STK2370710",42,1,132200
"STK2378389",42,1,122500
"STK2365720",42,1,227430
"STK2365179",42,1,164850
"STK2370055",42,1,164800
"STK2368241",42,1,164850
"STK2371812",42,2,285700
"STK2370580",42,1,229915
"STK2386388",42,1,162000
"STK2389160",42,1,139510
"STK303732",42,1,173450
"STK2387107",42,1,162000
"STK2388625",42,1,227570
"STK2384417",42,1,227570
"STK2385281",42,1,148350
"STK2370603",42,1,171150
"STK1178804",42,1,227570
"STK2388690",42,3,710850
"STK264277",42,1,159000
"STK2386685",42,3,392400
"STK2389299",42,2,398881.85
"STK1449304",42,1,138800
"STK2369910",42,1,162800
"STK2367380",42,1,171150
"STK2375444",42,1,98000
"STK2368858",42,1,167930
"STK2375400",42,1,183850
"STK757962",42,1,164850
"STK2310921",42,1,164850
"STK2376472",42,1,145200
"STK1332715",42,1,132930
"STK384058",100,2,223681
"STK2363642",42,1,148500
"STK2379365",42,1,279930
"STK1752990",42,1,162000
"STK2372328",42,2,283495
"STK2380715",42,1,120000
"STK2376173",42,1,122500
"STK2366358",42,6,711350
"STK2366303",42,1,164500
"STK2366329",42,1,115500
"STK2365233",42,1,126000
"STK693211",81,2,332500
"STK1938651",42,2,434500
"STK2368641",42,1,130600
"STK441173",47,4,939500
"STK2389630",42,1,202950
"STK2379903",42,1,103446
"STK2381968",42,1,137000
"STK2386273",42,1,145530
"STK2387187",42,1,85400
"STK2388523",42,1,117000
"STK2383086",42,2,305495
"STK2381120",42,1,108500
"STK2359801",42,1,130000
"STK2370155",42,2,510000
"STK2376176",42,1,128800
"STK2376004",42,1,164800
"STK2365735",42,1,149660
"STK2370811",42,1,145000
"STK2379007",42,1,155900
"STK2369342",42,1,203000
"STK2370542",42,1,147000
"STK2367698",42,1,320000
"STK2374276",42,1,119000
"STK2375632",42,1,173495
"STK1534870",42,1,122500
"STK2031873",66,2,395900
"STK2379976",42,1,115400
"STK2376862",42,1,255430
"STK2368633",42,1,110000
"STK2219638",42,3,1544700
"STK2366237",42,1,147000
"STK2378682",42,1,257600
"STK1435085",47,2,300000
"STK1599605",42,1,110600
"STK2366477",42,1,95130
"STK2339918",42,1,91124.03
"STK2373632",42,1,167200
"STK2373213",42,1,102000
"STK2375794",42,2,186000
"STK2368627",42,3,2268000
"STK2366684",42,2,532500
"STK2388582",42,1,139510
"STK2135744",49,2,308000
"STK2387204",42,1,148750
"STK2386422",42,1,148700
"STK1924539",67,3,346230
"STK2387165",42,2,374780
"STK2373095",42,2,283110.76
"STK565451",42,2,270900
"STK2366063",42,1,283850
"STK2344715",42,1,164500
"STK2251681",42,1,164500
"STK1815048",42,2,384500
"STK1000771",42,1,173495
"STK2369976",42,1,189000
"STK89464",42,1,101500
"STK2373446",42,1,117600
"STK2374854",42,1,307930
"STK2366995",42,1,121030
"STK2365826",42,1,172350
"STK2378450",42,1,164850
"STK2379724",42,1,173350
"STK2376913",42,1,230000
"STK2366397",42,2,255710
"STK2369644",42,1,154000
"STK2364730",42,1,164850
"STK2377236",42,1,105900
"STK423984",42,1,234500
"STK2376517",42,1,280800
"STK1988703",58,3,446660
"STK945190",42,1,171500
"STK2177527",48,2,323500
"STK2375903",42,1,134000
"STK1083316",42,1,100000
"STK2369331",42,1,148700
"STK2370739",42,1,136977
"STK2369366",42,1,173495
"STK2365830",42,1,183190
"STK2375792",42,1,100100
"STK849553",42,1,120800
"STK41161",42,1,307900
"STK2381244",42,2,188000
"STK2224926",42,2,234850
"STK2388026",42,1,110600
"STK903137",42,1,101500
"STK2353647",42,1,157550
"STK1146186",42,1,128000
"STK2372889",42,1,227570
"STK2371179",42,1,161913
"STK2370429",42,1,110600
"STK2020215",42,1,255490
"STK2363704",42,1,150850
"STK2375236",42,2,254850
"STK2371652",42,1,101500
"STK2031171",42,1,120000
"STK2369666",42,1,206430
"STK196417",42,1,163600
"STK2370792",42,1,87500
"STK2363878",42,1,159900
"STK2346960",43,3,478400
"STK2376516",42,1,183190
"STK2374715",42,1,132930
"STK2369728",42,1,164500
"STK2356929",42,1,62200
"STK2377963",42,2,254850
"STK2367267",42,2,205600
"STK2366670",42,1,168900
"STK2366799",42,1,149660
"STK649037",42,1,125900
"STK906698",42,1,70000
"STK2374916",42,1,164710
"STK1550558",42,2,255743
"STK2384739",42,1,96790
"STK2383400",42,1,99500
"STK2382395",42,1,139500
"STK2386055",42,1,132930
"STK2381160",42,1,139510
"STK2387259",42,1,107000
"STK258529",114,2,267230
"STK2381135",42,1,173350
"STK2390641",42,2,252850
"STK2386664",42,1,238000
"STK2367723",42,2,262000
"STK2371129",42,1,117850
"STK442614",42,1,136100
"STK620333",42,2,374500
"STK2367034",42,1,137000
"STK2377279",42,1,95900
"STK497758",42,1,160230
"STK2363508",42,1,370000
"STK2374687",42,1,164150
"STK2001638",43,2,2300000
"STK2038068",42,1,99000
"STK2367495",42,1,164800
"STK2378628",42,1,164850
"STK2367044",42,1,136600
"STK1578657",41,2,267000
"STK2368482",42,1,226600
"STK2365714",42,1,111930
"STK2378579",42,1,164850
"STK2221546",42,1,105000
"STK2371139",42,2,290000
"STK2367131",42,1,164850
"STK2023445",43,2,384500
"STK2370240",42,1,157500
"STK2379290",42,3,486620
"STK2367563",42,1,164000
"STK580368",42,1,115000
"STK1474361",42,1,164500
"STK2368516",42,1,164000
"STK2374273",42,1,164500
"STK2365342",42,1,290500
"STK2381811",42,1,244990
"STK2385576",42,1,159250
"STK1531961",42,1,171000
"STK2386914",42,1,138310
"STK2387563",42,1,114000
"STK2384196",42,1,164850
"STK1022858",42,2,412030
"STK2248851",42,2,183800
"STK186106",123,12,16736070
"STK2366852",42,2,463930
"STK2371055",42,2,254500
"STK1690353",42,1,50000
"STK2380179",42,1,166900
"STK2379220",42,1,246400
"STK2370836",42,2,290000
"STK2378122",42,1,109800
"STK2370120",42,1,238000
"STK2368431",42,2,234965
"STK2370488",42,1,149660
"STK1038693",82,2,236500
"STK40488",42,2,265000
"STK2365239",41,1,465000
"STK92394",47,4,543500
"STK2365542",42,1,154136
"STK291419",72,10,8790500
"STK2370196",42,1,255100
"STK2373296",42,1,167230
"STK2375678",42,1,173495
"STK2377872",42,1,174965
"STK2366081",42,1,164850
"STK2380654",42,2,229400
"STK2366287",42,1,227400
"STK2388714",42,2,324600
"STK2386317",42,1,122500
"STK2387737",42,2,635000
"STK2383777",42,1,128401
"STK1738920",42,1,132930
"STK2385652",42,1,164710
"STK2375967",42,1,164800
"STK2037295",46,2,322600
"STK2381534",42,1,139300
"STK1901887",42,1,157650
"STK2365293",42,1,162850
"STK2369310",42,1,171000
"STK2378241",42,1,164850
"STK2365805",42,1,164850
"STK2379850",42,2,276700
"STK1013397",42,1,164500
"STK2367447",42,1,116000
"STK2369078",42,1,173495
"STK2372152",42,1,70000
"STK2372512",42,1,139510
"STK356686",42,1,139500
"STK2373240",42,2,194600
"STK942162",42,1,139999
"STK2366249",42,1,164500
"STK2379743",42,1,267750
"STK1654092",42,1,178500
"STK2366738",42,1,164850
"STK2368331",42,1,149600
"STK2369843",42,1,145000
"STK2368880",42,1,147500
"STK2373078",42,1,140000
"STK2266943",42,1,301510
"STK2358946",42,1,147000
"STK2371459",42,1,100000
"STK2372998",42,1,244300
"STK2385419",42,1,164000
"STK2384981",42,1,183000
"STK2384997",42,2,400600
"STK2388701",42,1,125500
"STK2384118",42,1,164850
"STK2386561",42,1,223600
"STK2114710",42,1,147000
"STK2367496",42,1,121030
"STK2368563",42,1,164850
"STK2365586",42,1,87500
"STK2361095",42,1,87000
"STK2302204",42,2,222300
"STK384722",42,1,93000
"STK935020",42,1,136430
"STK661673",81,2,322000
"STK2370493",42,1,121750
"STK2375501",42,1,171000
"STK2031411",42,1,175000
"STK648277",84,2,359600
"STK2375476",42,1,235100
"STK1484421",42,1,164800
"STK2368033",42,1,255493
"STK2357403",43,5,914850
"STK2371874",42,1,171500
"STK2376792",42,1,164850
"STK2217368",42,1,168000
"STK750146",42,1,139299
"STK2380068",42,1,164000
"STK2365134",42,1,160230
"STK1109943",42,1,290500
"STK2366553",42,1,164850
"STK1808457",42,1,146999
"STK2378464",42,1,122500
"STK2369512",42,2,425000
"STK2372661",42,1,238000
"STK2368358",42,1,155500
"STK2374247",42,1,117000
"STK2364578",42,1,161499
"STK2368693",42,1,164500
"STK983414",76,2,220580
"STK1837081",42,1,125930
"STK2068847",42,1,161200
"STK2390185",42,1,183855
"STK2381284",42,1,167604.04
"STK2384772",42,1,157750
"STK2381948",42,1,164500
"STK2374666",42,2,275470
"STK2383291",42,1,118999
"STK2379677",42,1,138810
"STK2372907",42,2,381307.72
"STK2377344",42,1,105000
"STK2372724",42,1,169000
"STK2366739",42,1,138810
"STK2359530",42,1,130000
"STK2376736",42,1,173450
"STK2365375",42,1,227570
"STK2370220",42,1,164850
"STK2369646",42,1,159250
"STK2021586",61,4,688500
"STK2367779",42,1,210000
"STK1184145",42,2,237000
"STK2365891",42,1,137000
"STK2035681",69,2,593079
"STK2375812",42,1,204550
"STK2372187",42,1,149600
"STK2376838",42,1,149300
"STK2373359",42,2,342830
"STK2369755",42,2,432530
"STK2372424",42,1,226500
"STK2370803",42,1,164800
"STK2387480",42,1,122500
"STK2381923",42,2,290850
"STK2384453",42,1,164850
"STK2384449",42,1,164850
"STK2379172",42,1,183190
"STK2381878",42,1,158500
"STK2381963",42,1,132930
"STK2384920",42,2,349030
"STK2382819",42,1,145200
"STK2373244",42,1,225720
"STK1393938",42,1,164800
"STK2386973",42,1,164500
"STK2386533",42,1,173495
"STK2379190",42,1,106850
"STK2366417",42,1,290500
"STK2380019",42,1,147050
"STK2372779",42,1,145000
"STK2378041",42,1,164000
"STK2364052",42,1,125930
"STK2375147",42,1,137000
"STK2374877",42,1,147000
"STK734698",42,1,290800
"STK2368286",42,1,76500
"STK2375573",42,1,171000
"STK993588",74,4,574234
"STK1704165",54,2,301500
"STK2371090",42,2,420300
"STK2375930",42,1,126000
"STK2369899",42,1,125999.3
"STK478812",42,1,77000
"STK2370201",42,1,116500
"STK2372894",42,1,151850
"STK2372754",42,1,164850
"STK2383148",42,1,253020
"STK2383054",42,1,247500
"STK987579",42,1,164800
"STK2387636",42,1,162000
"STK2387071",42,2,154000
"STK2384160",42,1,110000
"STK2383193",42,1,151610
"STK2381894",42,2,462515
"STK2379186",42,1,164800
"STK2379973",42,1,164500
"STK2371433",42,1,165000
"STK2368483",42,1,173495
"STK2369961",42,1,148300
"STK2363187",42,2,620000
"STK2235025",42,1,283000
"STK2367601",42,1,164000
"STK1743290",42,2,217900
"STK2379928",42,1,227550
"STK2371006",42,1,252836
"STK2379544",42,1,122850
"STK2371728",42,1,167230
"STK2380105",42,1,178500
"STK2371957",42,1,290500
"STK2375998",42,2,218100
"STK771915",72,2,459170
"STK2366191",42,1,105000
"STK2365322",42,1,119000
"STK2374870",42,1,159000
"STK2376949",42,1,139510
"STK2365806",42,1,227430
"STK2362506",42,1,159600
"STK2369913",42,1,132900
"STK2369787",42,1,59499
"STK2367987",42,1,88400
"STK2367618",42,1,164465
"STK2372958",42,1,163730
"STK2365748",42,1,227500
"STK2367891",42,1,255430
"STK2376172",42,1,146000
"STK2367449",42,1,162000
"STK2365753",42,1,290500
"STK2365394",42,1,164499
"STK137002",178,3,571650
"STK2384333",42,1,277752
"STK2383102",42,2,291599
"STK2382324",42,2,471000
"STK2386032",42,1,164800
"STK2381909",42,1,145200
"STK2256877",42,1,267000
"STK693563",42,2,263499
"STK2322267",42,1,96000
"STK2363916",42,1,183190
"STK2202776",42,1,164850
"STK2365784",42,2,290850
"STK1557021",42,1,150850
"STK2379277",42,1,279900
"STK2379602",42,1,227000
"STK2367185",42,1,255493
"STK2365409",42,2,228800
"STK751331",75,2,284635.2
"STK2259075",42,1,217100
"STK2379134",42,1,194450
"STK2103322",42,1,272930
"STK2369856",42,1,290500
"STK2372082",42,2,326490
"STK2371672",42,3,460000
"STK2372378",42,1,134700
"STK2367523",42,1,164000
"STK2366699",42,1,112000
"STK2364541",42,1,87500
"STK2379200",42,1,145200
"STK2383499",42,1,164800
"STK2386680",42,1,164850
"STK2387180",42,1,98630
"STK2039785",59,4,1180500
"STK2387097",42,1,148900
"STK2381770",42,1,117600
"STK2325332",42,5,1248000
"STK84777",158,2,133000
"STK2381154",42,1,274800
"STK2387489",42,1,150850
"STK2381269",42,1,164800
"STK2379273",42,1,98630
"STK2383770",42,1,173495
"STK2299177",42,1,150000
"STK374026",42,1,227570
"STK66134",42,1,173495
"STK2376957",42,1,122500
"STK2379738",42,2,254850
"STK2368917",42,1,275000
"STK961280",42,1,164850
"STK2377843",42,1,117600
"STK2370945",42,1,164850
"STK1365180",42,1,159000
"STK2346923",42,1,150000
"STK2370916",42,1,138810
"STK1577973",42,1,191500
"STK2374239",42,2,293850
"STK1260220",42,1,164000
"STK2369123",42,1,139510
"STK2366099",42,1,285950
"STK2373350",42,1,119499
"STK711981",42,1,148750
"STK2379383",42,1,163027
"STK2365461",42,1,164500
"STK2368626",42,1,148750
"STK1102525",44,2,237250
"STK2373021",42,2,290850
"STK2365893",42,1,100100
"STK2366470",42,1,148700
"STK2381217",42,1,146000
"STK1674076",42,1,95000
"STK2381672",42,1,173495
"STK2368189",42,1,138000
"STK2382104",42,2,225000
"STK1295913",42,1,159250
"STK2366096",42,2,402600
"STK2366217",42,1,164850
"STK1451938",42,2,247675
"STK2373042",42,1,100000
"STK2375074",42,1,159250
"STK1898902",55,8,5364850
"STK2367251",42,1,144700
"STK2369149",42,1,164850
"STK2374528",42,1,177240
"STK2266441",46,4,1235350
"STK2371743",42,1,122500
"STK2370583",42,1,69000
"STK2375651",42,1,164800
"STK2376033",42,1,146999
"STK2371884",42,1,174000
"STK2368087",42,1,226500
"STK2368900",42,1,126400
"STK2377965",42,1,108650
"STK2367945",42,1,150850
"STK2373025",42,2,290800
"STK2366744",42,1,159100
"STK2388736",42,1,138000
"STK1930686",42,1,164850
"STK2384873",42,1,134299
"STK2382340",42,1,148750
"STK2386377",42,1,171150
"STK648213",42,1,137000
"STK2360387",42,1,336000
"STK2346249",42,1,215000
"STK2375787",42,1,164850
"STK2380591",42,1,174965
"STK2168953",42,1,157350
"STK2370105",42,1,91000
"STK2371103",42,1,117600
"STK2370855",42,1,164710
"STK1004543",51,3,335000
"STK93432",42,2,198000
"STK1533123",42,1,115499
"STK1028822",42,2,293500
"STK2373133",42,1,227570
"STK2363632",42,2,284850
"STK2368094",42,1,122850
"STK2373764",42,1,164850
"STK2366437",42,1,167200
"STK2217840",42,1,125800
"STK2373234",42,1,290500
"STK140545",174,3,190600
"STK2376160",42,1,164850
"STK2356339",42,1,182153
"STK2380693",42,1,90000
"STK2379906",42,1,100000
"STK2365978",42,1,99500
"STK2375372",42,1,128700
"STK2376860",42,1,139510
"STK269902",42,1,164400
"STK2370167",42,1,139510
"STK2368330",42,1,183855
"STK2372014",42,1,143499
"STK2373427",42,1,115300
"STK869950",42,1,164850
"STK2031538",42,1,307650
"STK2368846",42,1,164850
"STK2386548",42,1,136000
"STK2382379",42,1,164500
"STK2365788",42,1,174965
"STK2381907",42,1,226600
"STK2389410",42,1,171000
"STK2151425",42,1,164500
"STK2385475",42,1,159000
"STK1320890",42,1,136430
"STK2389447",42,1,300510
"STK2385023",42,1,164800
"STK2369763",42,1,122500
"STK1012575",42,1,227570
"STK986220",42,2,290800
"STK2363321",42,1,164850
"STK882128",42,1,148190
"STK2374447",42,1,159250
"STK2371692",42,1,149800
"STK2363031",42,1,122430
"STK1957816",57,2,640000
"STK2368613",42,1,290500
"STK2368537",42,1,164850
"STK2379568",42,1,132930
"STK2370000",42,1,227570
"STK2150215",42,2,270400
"STK2377121",42,1,164850
"STK2365099",42,1,70000
"STK2365344",42,2,333112.7
"STK2367015",42,1,116500
"STK293507",42,1,150850
"STK2375416",42,1,183855
"STK2386969",42,1,113700
"STK2384982",42,1,84900
"STK2386675",42,1,164850
"STK2381986",42,1,122500
"STK2376158",42,1,174950
"STK2381401",42,1,164500
"STK2384177",42,1,114150
"STK2193275",42,1,180000
"STK2386684",42,1,146999
"STK2385984",42,1,164500
"STK2032727",42,2,174000
"STK2360279",42,1,160230
"STK2024731",52,3,914930
"STK2379762",42,1,164850
"STK2371953",42,1,164850
"STK2359117",42,1,135375
"STK2370532",42,1,202400
"STK2372210",42,1,163300
"STK2373044",42,1,164850
"STK971452",42,1,87000
"STK2191283",42,1,164850
"STK2302627",42,2,367570
"STK1953267",62,3,409000
"STK2371083",42,1,286930
"STK922049",71,2,320000
"STK2379859",42,1,145900
"STK2365243",42,1,290500
"STK1989272",59,2,279500
"STK2379609",42,1,159250
"STK2378801",42,1,164800
"STK2365747",42,1,61400
"STK2371810",42,1,132930
"STK2368957",42,2,335580
"STK2376162",42,1,183855
"STK2376785",42,1,194000
"STK2368051",42,1,190000
"STK2365485",42,1,148700
"STK2368350",42,1,164850
"STK2369168",42,2,496000
"STK2370779",42,1,167230
"STK2374289",42,1,164000
"STK2373415",42,2,260000
"STK2375685",42,1,286930
"STK2382902",42,2,444000
"STK2382818",42,2,302500
"STK2387683",42,1,182000
"STK2374104",42,1,164850
"STK2386910",42,2,229305
"STK2387644",42,1,167230
"STK2384137",42,1,164850
"STK2389294",42,1,138810
"STK2387096",42,2,331430
"STK2382737",42,2,193000
"STK2383413",42,1,164500
"STK2373233",42,1,210000
"STK2370470",42,1,164800
"STK1895205",42,1,112000
"STK1404555",42,1,227100
"STK2370755",42,1,164800
"STK2371115",42,1,173495
"STK2378743",42,1,115992
"STK2374348",42,2,277230
"STK2375216",42,1,131400
"STK2377673",42,1,163200
"STK2379245",42,1,134100
"STK2114143",49,3,481857
"STK2367448",42,1,200000
"STK2280351",42,1,249900
"STK1033208",57,2,192430
"STK2377417",42,1,95000
"STK2353892",42,1,160650
"STK2368158",42,1,117000
"STK2368640",42,1,149300
"STK2365773",42,1,164000
"STK2367113",42,1,139510
"STK2382118",42,1,266500
"STK1552191",70,3,625804
"STK2383245",42,1,301350
"STK2382277",42,1,164500
"STK2386699",42,1,148700
"STK2317774",42,1,234500
"STK1704352",42,1,320000
"STK2370182",42,1,164850
"STK1492564",42,1,164800
"STK2372733",42,1,274042
"STK1746200",42,2,251600
"STK2373754",42,1,200000
"STK2360546",42,1,164000
"STK2368715",42,1,147000
"STK2368812",42,2,268050
"STK2207036",42,1,164850
"STK2373019",42,1,100000
"STK2368770",42,1,174965
"STK776725",72,2,416200
"STK1386211",42,1,184500
"STK2379195",42,1,138260
"STK2379337",42,1,227570
"STK2378270",42,1,114200
"STK2371934",42,1,147000
"STK977258",74,2,277500
"STK2366027",42,2,234800
"STK2373528",42,1,112000
"STK2108040",42,1,147000
"STK1194191",42,1,230930
"STK2368925",42,2,319150
"STK266146",42,1,105000
"STK2380005",42,1,150200
"STK2375679",42,1,200000
"STK2362486",42,1,174950
"STK2366456",42,1,162065
"STK2375356",42,1,144000
"STK2388702",41,1,157350
"STK2384796",42,1,145000
"STK2281687",42,1,95400
"STK2386305",42,1,95130
"STK2389643",42,1,138800
"STK2369785",42,1,164850
"STK2365436",42,1,129000
"STK1187139",42,1,105000
"STK2373016",42,1,139500
"STK559500",42,1,113295
"STK2369401",42,1,164850
"STK2135757",42,1,157500
"STK2372052",42,1,174950
"STK698657",42,1,283500
"STK2378079",42,1,99600
"STK2365519",42,1,136500
"STK2365887",42,1,157500
"STK1155214",42,1,166985
"STK2369536",42,1,116000
"STK2358450",42,2,377570
"STK2365323",42,1,121030
"STK2368589",42,1,138000
"STK2364598",42,1,153920
"STK2374864",42,1,216500
"STK2376119",42,1,166900
"STK2378262",42,1,183190
"STK2366663",42,2,422465
"STK2372316",42,1,136430
"STK1922221",42,1,138530
"STK2365287",42,1,112400
"STK656071",42,1,162050
"STK2371128",42,2,290850
"STK2365550",42,1,141499
"STK1519034",42,1,139510
"STK1660531",42,1,122430
"STK2386825",42,1,283350
"STK1547217",28,5,849722.48
"STK2382087",42,1,138800
"STK2381566",42,1,159700
"STK2384282",42,1,122500
"STK2385969",42,1,164500
"STK2382446",42,1,108800
"STK2379633",42,2,158000
"STK2384826",42,1,159000
"STK2382084",42,1,200000
"STK2371438",42,1,146000
"STK2373279",42,2,305000
"STK2373466",42,1,166900
"STK2372425",42,1,150150
"STK2367312",42,2,436630
"STK967021",42,3,260500
"STK2372139",42,1,227100
"STK2379268",42,1,132700
"STK2380327",42,1,137900
"STK1948527",42,1,149650
"STK2372420",42,1,164465
"STK1353913",42,1,162000
"STK2369786",42,1,164500
"STK2374164",42,1,206400
"STK2375485",42,1,51500
"STK2376161",42,1,174950
"STK2379974",42,1,164850
"STK2365244",42,1,164850
"STK2083160",42,1,105000
"STK2368195",42,2,284800
"STK2373914",42,1,128000
"STK2366824",42,1,164850
"STK2379745",42,1,300510
"STK2366293",42,1,74510
"STK1966813",55,2,154030
"STK2375623",42,3,508300
"STK2370512",42,1,143499
"STK2373447",42,1,164850
"STK212449",117,2,171030
"STK1532637",42,1,165000
"STK2379535",42,1,148700
"STK2374583",42,1,122500
"STK2368338",42,1,169050
"STK2363471",42,1,164800
"STK2382291",42,1,167930
"STK1726536",42,1,127250
"STK2386781",42,1,267750
"STK2384503",42,1,450000
"STK2368542",42,1,164800
"STK2374122",42,1,139500
"STK2366617",42,1,173495
"STK2370715",42,1,173495
"STK2365848",42,1,164710
"STK2368335",42,1,184450
"STK2372038",42,1,75500
"STK2374483",42,1,119000
"STK2375885",42,1,149000
"STK2369744",42,1,147000
"STK2371018",42,1,173495
"STK2379637",42,1,200000
"STK2373407",42,2,208499
"STK2380915",42,1,159250
"STK1514197",42,1,107000
"STK2186227",42,1,164850
"STK1704286",55,3,369858
"STK2369799",42,1,87000
"STK2015473",69,2,423922
"STK2362734",42,1,100000
"STK2369004",42,1,169050
"STK2307115",44,2,260540
"STK1943864",42,1,173495
"STK2371872",42,1,174299
"STK2385940",42,1,139510
"STK1322539",42,1,167930
"STK1686417",42,1,164850
"STK1594700",42,2,377750
"STK2388691",42,2,193000
"STK2385786",42,1,137000
"STK2389084",42,1,234500
"STK2381843",42,1,171150
"STK944759",42,1,130000
"STK1583943",42,2,288000
"STK2369159",42,1,164500
"STK1243853",42,1,146999
"STK2377133",42,1,275660
"STK2369876",42,1,110700
"STK2375911",42,1,290500
"STK2380023",42,1,150900
"STK1428878",42,1,174999
"STK2378512",42,1,138600
"STK2376063",42,1,159000
"STK2380171",42,1,104100
"STK2369056",42,1,117600
"STK2374127",42,1,164500
"STK1622910",42,1,94500
"STK2368745",42,1,164850
"STK2369049",42,1,148750
"STK2365066",42,1,87500
"STK2377358",42,1,171150
"STK2366254",42,1,146000
"STK2372535",42,1,290500
"STK2382812",42,1,155200
"STK2384913",42,1,253990
"STK2387073",42,1,120350
"STK2384176",42,1,150150
"STK776042",42,1,62000
"STK2017064",42,1,590000
"STK2224185",42,1,149300
"STK2384288",42,1,206430
"STK2381274",42,1,91800
"STK1399711",42,3,2480000
"STK2383238",42,1,117600
"STK2383540",42,1,162000
"STK2383752",42,1,173495
"STK2369420",42,1,43000
"STK2368499",42,3,8224500
"STK2378489",42,1,88000
"STK846194",42,1,60000
"STK2376366",42,1,146999
"STK839703",42,1,122500
"STK2366621",42,2,236998.1
"STK771933",42,1,143150
"STK1911336",63,2,250000
"STK2359032",42,1,227570
"STK2375369",42,1,91400
"STK2370923",42,1,167230
"STK2371956",42,1,100000
"STK2365303",42,2,290850
"STK2378797",42,1,145400
"STK2372957",42,3,726000
"STK2367522",42,1,164700
"STK2379393",42,1,164850
"STK2363774",42,1,157000
"STK324836",106,4,964850
"STK2383826",42,1,149000
"STK2382763",42,1,98630
"STK2387031",42,1,167230
"STK2375396",42,1,138509
"STK2389292",42,2,374490
"STK2389941",42,1,315000
"STK984681",42,1,120000
"STK2381060",42,1,120000
"STK2386826",42,1,164000
"STK2373393",42,1,171395
"STK2343622",42,2,303495
"STK2377629",42,1,164850
"STK713608",42,1,164600
"STK2043250",42,1,230000
"STK2366094",42,2,670900
"STK2377041",42,1,170590
"STK2375401",42,1,154000
"STK2373404",42,1,167230
"STK2367713",42,1,132930
"STK2374534",42,1,75600
"STK2369962",42,1,255154
"STK2033774",42,1,290500
"STK1584842",42,1,165400
"STK179587",130,4,495400
"STK2377598",42,2,154299
"STK2370873",42,1,128500
"STK2368082",42,1,145900
"STK2371563",42,1,164499
"STK2373644",42,2,329430
"STK982653",77,2,394650
"STK531401",42,1,212854
"STK2290840",42,1,103000
"STK2385804",42,1,91050
"STK1540939",45,2,419500
"STK2379814",42,1,149660
"STK2384366",42,1,105000
"STK2386797",42,1,164850
"STK2382070",42,1,164500
"STK2387849",42,1,139930
"STK870229",42,2,201930
"STK2384949",42,1,164850
"STK2387530",42,1,146000
"STK335386",105,3,362200
"STK1135298",42,1,84890
"STK2366239",42,1,164499
"STK2373588",42,1,164850
"STK1020716",42,2,278350
"STK2371679",42,1,164850
"STK2373152",42,1,167930
"STK2050278",42,1,105000
"STK2373919",42,1,159250
"STK2376773",42,2,229600
"STK1960382",61,2,323000
"STK2373757",42,1,125900
"STK2024738",68,7,3364850
"STK2365169",42,1,150500
"STK2374112",42,5,2609500
"STK2375417",42,1,66000
"STK1571519",42,2,191500
"STK2366789",42,1,138800
"STK2380337",42,1,267750
"STK2365737",42,2,290499
"STK2365420",42,2,230260
"STK403885",42,1,97000
"STK2372037",42,1,278000
"STK282593",42,3,876177.49
"STK344181",104,3,535707
"STK2368346",42,1,242500
"STK2374242",42,1,122500
"STK749415",75,2,331938
"STK2370847",42,1,152000
"STK415029",97,3,1585044.17
"STK2366725",42,2,289630
"STK2368202",42,1,138810
"STK2189617",42,1,198000
"STK2382192",42,1,115999
"STK2382167",42,1,114600
"STK2384830",42,1,173495
"STK2380955",42,1,164500
"STK2384236",42,1,161700
"STK2362602",42,1,118999
"STK2385958",42,1,158830
"STK644899",42,1,184450
"STK1882650",42,1,167230
"STK2380633",42,1,266000
"STK1101812",42,2,144000
"STK2368759",42,1,88000
"STK2369629",42,1,300000
"STK2372184",42,2,288400
"STK1324729",42,1,174700
"STK2148541",49,2,318500
"STK2371906",42,1,160930
"STK2371087",42,1,310000
"STK2376978",42,1,139510
"STK2369966",42,1,159000
"STK655027",42,1,117600
"STK2371502",42,1,167230
"STK2253436",45,4,709250
"STK2368297",42,1,77800
"STK2366113",42,1,95900
"STK1830240",42,1,140400
"STK2368526",42,1,164850
"STK2369027",42,1,183995
"STK2372614",42,2,335699
"STK2368672",42,1,139999
"STK2389287",42,1,183855
"STK2386413",42,1,122500
"STK2387889",42,1,95900
"STK2387869",42,1,122500
"STK2382080",42,2,197500
"STK2045486",69,3,594967
"STK2380920",42,1,139510
"STK2383982",42,1,132930
"STK2384707",42,1,163300
"STK2387404",42,2,293850
"STK2387449",42,1,290500
"STK2383949",42,1,89500
"STK2383388",42,1,115500
"STK2389516",42,1,164850
"STK2386110",42,1,122500
"STK2386370",42,1,171150
"STK1238269",42,2,593780
"STK2386931",42,1,290500
"STK2079856",42,1,144600
"STK2347796",42,1,149196
"STK2362691",42,1,154005
"STK2361460",42,1,290500
"STK2369916",42,1,61600
"STK2372662",42,1,261700
"STK2378051",42,1,234300
"STK2376624",42,2,235750
"STK966770",42,1,122150
"STK2367240",42,2,370500
"STK2378633",42,1,167230
"STK2378256",42,1,227570
"STK2379404",42,1,310457
"STK2378862",42,2,485500
"STK1652457",42,1,122500
"STK1607811",42,1,97400
"STK2374516",42,1,138400
"STK2018667",42,1,125500
"STK2366024",42,1,146999
"STK2365930",42,1,160230
"STK2366542",42,1,164850
"STK2375139",42,1,167230
"STK2369601",42,1,191250
"STK2367147",42,1,163499
"STK2369891",42,2,165550
"STK2368034",42,1,164710
"STK2276917",42,1,103600
"STK2386742",42,1,164850
"STK2378766",42,1,174950
"STK2383980",42,1,100000
"STK2382823",42,1,122500
"STK2389699",42,1,183000
"STK2384215",42,1,121400
"STK2381845",42,1,179000
"STK2387761",42,1,226600
"STK367820",102,2,335000
"STK2384775",42,1,159250
"STK2324218",42,1,101400
"STK2365581",42,1,158199
"STK2368808",42,1,163750
"STK2367566",42,1,272930
"STK2375582",42,1,307930
"STK1999687",42,1,161000
"STK2373657",42,1,164850
"STK2366706",42,2,273850
"STK1776918",42,1,164850
"STK2374167",42,1,121030
"STK2368905",42,1,140400
"STK1315120",42,1,82600
"STK2362243",42,2,434479
"STK2372833",42,1,178500
"STK2373007",42,1,169050
"STK2363004",42,1,160230
"STK2367690",42,1,138000
"STK2378852",42,2,186500
"STK2243654",42,1,100000
"STK2379316",42,1,162960
"STK1887498",42,2,275900
"STK2379600",42,1,146999
"STK2372265",42,1,96500
"STK2368309",42,1,92800
"STK1421108",42,1,139510
"STK2373623",42,1,137000
"STK2368798",42,1,154700
"STK2371996",42,1,87500
"STK1418570",42,1,149300
"STK2369943",42,1,100000
"STK2365456",42,1,157500
"STK2379098",42,1,97500
"STK1157524",42,1,98630
"STK1408851",42,1,90000
"STK2334387",42,1,84600
"STK2377189",42,1,164500
"STK2369228",42,1,125999
"STK67217",42,1,200000
"STK2366524",42,1,183100
"STK1457395",42,1,169000
"STK2375392",42,1,183190
"STK2342066",42,1,300500
"STK2374010",42,1,160500
"STK2383353",42,1,91974
"STK2380301",42,1,279900
"STK2384258",42,1,164850
"STK2382081",42,2,277350
"STK2387441",42,1,139510
"STK2377292",42,1,146999
"STK2389787",42,1,142400
"STK2382860",42,1,164800
"STK1479012",42,1,279930
"STK1093355",42,1,85620
"STK2022897",42,1,164850
"STK2374101",42,1,157400
"STK1902714",42,1,164850
"STK2366675",42,1,91000
"STK2368480",42,1,184600
"STK2376045",42,1,227570
"STK2377825",42,1,117600
"STK2370645",42,1,277900
"STK2376620",42,1,139500
"STK1996889",66,4,3034000
"STK2365952",42,1,167230
"STK2368257",42,1,124370
"STK703825",81,2,294850
"STK1299285",42,2,296800
"STK2337904",42,1,315000
"STK1508888",42,1,122500
"STK2374463",42,1,171800
"STK2365818",42,1,88000
"STK2380722",42,1,167230
"STK2376259",42,1,122500
"STK1972294",64,4,700580
"STK2372852",42,1,307930
"STK2367109",42,1,98000
"STK1549407",70,5,844404
"STK2367306",42,1,195310
"STK2373435",42,1,200000
"STK2369919",42,2,200530
"STK2376910",42,2,269230
"STK2372036",42,1,290500
"STK1972294",64,4,700580
"STK2365558",42,1,103950
"STK2375583",42,1,125999
"STK379332",101,3,415500
"STK2221623",42,1,150000
"STK2368740",42,1,290000
"STK2386625",42,1,115000
"STK877637",42,1,122500
"STK2381047",42,1,122500
"STK1941479",68,2,568087
"STK909584",42,1,158850
"STK419083",42,2,246850
"STK2027476",42,1,132211
"STK2381890",42,1,226650
"STK2379930",42,1,164850
"STK2370612",42,2,618849
"STK2281291",42,2,238000
"STK2366213",42,1,148700
"STK2375229",42,1,168000
"STK2371622",42,1,163300
"STK2365878",42,1,164499
"STK2366090",42,1,164850
"STK2365424",42,1,121030
"STK2356838",42,1,164700
"STK554851",45,2,419958
"STK2373024",42,1,159250
"STK2378338",42,1,145200
"STK2368978",42,6,2820500
"STK2375997",42,2,290800
"STK2370976",42,1,290500
"STK2373546",42,1,290500
"STK2354153",42,1,161450
"STK2181870",42,1,122700
"STK2372830",42,1,164500
"STK2370380",42,1,167999
"STK2374236",42,1,90000
"STK2366406",42,1,168850
"STK2370041",42,1,164850
"STK2366679",42,1,117600
"STK2217417",42,1,146000
"STK1023384",42,1,201400
"STK2358938",42,1,185500
"STK2366567",42,1,127000
"STK144935",168,2,377000
"STK2370543",42,1,122500
"STK2367232",42,1,293000
"STK2369236",42,1,174950
"STK2386609",42,1,148700
"STK2385003",42,1,155000
"STK2387021",42,1,164850
"STK2387364",42,1,173450
"STK2386706",42,2,109006.52
"STK2387849",42,1,139930
"STK1842688",42,2,303495
"STK2365212",42,1,138150
"STK2188936",42,1,224600
"STK2379022",42,2,206499
"STK2367838",42,1,174950
"STK754137",42,1,173495
"STK2365946",42,1,184300
"STK2377714",42,2,293495
"STK2366521",42,1,128800
"STK660857",42,1,167230
"STK2373198",42,1,290500
"STK2365258",42,2,347830
"STK136411",179,2,209230
"STK2386736",42,1,125550
"STK2389429",42,1,148750
"STK193175",42,1,139500
"STK2383769",42,1,279930
"STK1946342",69,3,941539
"STK2374427",42,1,173495
"STK2371237",42,3,215500
"STK2372203",42,1,149660
"STK2365352",42,2,289235.89
"STK478535",42,1,108000
"STK1380021",42,1,91000
"STK2369651",42,2,791400
"STK2068419",42,1,147000
"STK1648392",42,2,650850
"STK723176",80,2,137000
"STK2367970",42,1,79930
"STK2343409",42,1,156734
"STK2373575",42,1,138300
"STK2377384",42,1,175630
"STK2379161",42,1,227000
"STK1644823",42,1,227570
"STK2366286",42,1,247400
"STK2378626",42,1,94600
"STK2372200",42,1,160600
"STK2365346",42,1,283850
"STK2378215",42,1,98630
"STK2363747",42,1,103900
"STK2366559",42,1,148500
"STK2373302",42,2,278350
"STK2371916",42,1,60500
"STK2367421",42,1,99100
"STK2381019",42,1,132930
"STK2386239",42,1,135000
"STK1652525",42,1,166200
"STK1790553",42,1,143499
"STK2384371",42,1,164850
"STK2389739",42,1,117600
"STK2382366",42,1,160000
"STK2387224",42,1,310000
"STK2389271",42,2,382000
"STK2384084",42,1,142633
"STK1199743",42,3,1687000
"STK2384463",42,1,89499
"STK2377787",42,1,98630
"STK335010",42,1,167200
"STK2371782",42,1,164900
"STK2371168",42,2,324700
"STK2367668",42,1,135000
"STK2372915",42,1,262430
"STK2365545",42,1,144050
"STK1099982",42,1,167230
"STK2374341",42,1,164850
"STK2375395",42,1,149350
"STK2374142",42,1,125999
"STK2370251",42,1,177200
"STK2374622",42,1,164500
"STK1030210",78,2,337089
"STK2371727",42,1,159350
"STK2374311",42,2,216877.63
"STK2365673",42,1,267000
"STK2371680",42,1,167230
"STK2362412",42,1,150141
"STK941833",42,2,268230
"STK2378780",42,1,164800
"STK2366757",42,1,160000
"STK2368756",42,1,158900
"STK2375752",42,1,141000
"STK2366001",42,1,100100
"STK2368468",42,1,136430
"STK2376666",42,1,227570
"STK2215743",42,2,570749.56
"STK2370830",42,1,87500
"STK2376747",42,1,164850
"STK2376801",42,1,84200
"STK715064",80,4,1686925
"STK2367500",42,1,164800
"STK2369729",42,1,162060
"STK1552998",65,2,371900
"STK2025126",64,2,540000
"STK2387412",42,1,307930
"STK2386727",42,1,135000
"STK2381356",42,1,166900
"STK2382079",42,8,2318144.26
"STK156796",154,2,280800
"STK1368856",42,1,164850
"STK895561",42,1,164800
"STK2370968",42,1,164850
"STK2379599",42,1,124350
"STK2365924",42,1,156499
"STK862234",42,1,98630
"STK536795",42,1,164900
"STK2370908",42,1,122500
"STK2374325",42,1,147000
"STK2377090",42,1,164410
"STK2371086",42,1,109200
"STK2370270",42,1,164500
"STK2369554",42,1,159250
"STK2377838",42,1,117600
"STK2370845",42,2,276850
"STK2376260",42,1,150000
"STK2297180",42,1,150850
"STK2028244",42,1,152850
"STK2377868",42,1,234900
"STK2367432",42,1,113800
"STK2387169",42,1,226600
"STK2383508",42,2,302800
"STK2384727",42,1,164850
"STK2380163",42,1,286400
"STK2388275",42,1,162000
"STK2388933",42,1,206430
"STK1555632",66,2,299700
"STK2383549",42,1,140400
"STK30083",58,4,1366500
"STK1412861",42,1,118999
"STK2370804",42,1,165000
"STK2369046",42,1,164850
"STK1957345",69,3,1826766
"STK2366810",42,2,165000
"STK1183163",42,1,167230
"STK2375275",42,1,149660
"STK2370982",42,1,173495
"STK1083999",42,1,208000
"STK2365387",42,2,1976700
"STK2366991",42,1,164850
"STK2375727",42,1,164850
"STK2371470",42,1,164000
"STK2365265",42,1,160230
"STK2371365",42,1,100100
"STK2374358",42,1,154600
"STK2366123",42,4,527644.7
"STK2367962",42,1,123700
"STK2369344",42,1,148750
"STK2366989",42,1,130000
"STK2386611",41,1,350000
"STK2379351",42,1,283850
"STK2384613",42,1,238000
"STK2381363",42,1,167230
"STK977038",42,1,100100
"STK2384741",42,1,227570
"STK2389674",42,1,97000
"STK1389207",42,1,101500
"STK2370954",42,2,327426
"STK2374924",42,1,216500
"STK2378942",42,1,171150
"STK2373955",42,2,345400
"STK426526",42,1,184000
"STK2302058",42,1,148750
"STK2365449",42,1,103950
"STK2366896",42,1,164850
"STK2371610",42,1,164850
"STK1376292",42,2,285155
"STK1553623",66,2,397900
"STK1585430",42,1,84000
"STK1200813",42,1,122400
"STK2376135",42,1,100000
"STK1326109",42,1,158500
"STK1225782",42,2,245200
"STK2372883",42,1,109500
"STK1703631",56,2,403600
"STK2379900",42,1,200000
"STK2378568",42,1,164500
"STK248003",42,1,164850
"STK2373028",42,1,237500
"STK2371706",42,1,159011.65
"STK1247987",42,1,60000
"STK2343264",42,1,276000
"STK1232878",42,1,171150
"STK173134",42,1,164500
"STK2368878",42,3,245000
"STK661671",42,1,164850
"STK2373215",42,1,164000
"STK2370839",42,2,240150
"STK2366758",42,1,162815
"STK2381799",42,1,61600
"STK2383059",42,1,145500
"STK1531881",42,1,98630
"STK2383442",42,1,158500
"STK1668942",42,1,167230
"STK2384950",42,2,371000
"STK2388981",42,1,85000
"STK2384746",42,1,172495
"STK2372056",42,2,381493
"STK2367225",42,1,167230
"STK2370816",42,1,125999.3
"STK1300892",42,1,164850
"STK2378834",42,2,281700
"STK1851957",42,1,307930
"STK2370773",42,1,171150
"STK2365523",42,1,143500
"STK2369865",42,2,279850
"STK2365968",42,1,285000
"STK2366499",42,1,173350
"STK2372658",42,1,138800
"STK2379005",42,1,103600
"STK2371710",42,1,146000
"STK2376642",42,2,218500
"STK2365860",42,1,301850
"STK2366822",42,1,164500
"STK2374025",42,1,167499
"STK2204545",42,1,131300
"STK2366970",42,1,161500
"STK2373381",42,1,159250
"STK2365314",42,1,148700
"STK2378994",42,1,234850
"STK1513139",42,1,118999
"STK2379468",42,1,148700
"STK2377025",42,1,164500
"STK942310",42,1,245490
"STK2386902",42,1,148750
"STK2373408",42,1,133000
"STK2381246",42,1,164500
"STK2386782",42,1,164850
"STK2023934",42,2,172500
"STK2355053",42,1,195000
"STK2376869",42,1,164850
"STK2370183",42,1,100100
"STK2370989",42,1,105000
"STK1413152",42,1,140400
"STK2373699",42,1,132125
"STK2364276",42,1,103950
"STK2372837",42,1,160000
"STK2368615",42,1,159250
"STK2373885",42,1,173495
"STK2374567",42,1,138800
"STK2371759",42,1,165400
"STK2371960",42,2,213500
"STK2371473",42,1,124450
"STK2370191",42,1,234000
"STK594881",42,1,183995
"STK2374084",42,2,240850
"STK1479915",42,1,122500
"STK2180969",42,1,164850
"STK2361333",42,1,162559
"STK2368742",42,1,139999
"STK2366200",42,1,171150
"STK895114",42,1,160230
"STK2363768",42,1,112500
"STK2368421",42,1,147000
"STK2372672",42,1,159000
"STK777194",42,1,138810
"STK1302742",42,1,132930
"STK2366251",42,1,141361
"STK2371633",42,2,348700
"STK2312233",42,1,163000
"STK2380533",42,1,290500
"STK2377763",42,1,73500
"STK2372065",42,1,227100
"STK2373116",42,1,75000
"STK2382721",42,1,132930
"STK2368951",42,1,138000
"STK2383048",42,1,159000
"STK2385015",42,1,89500
"STK2382344",42,1,163000
"STK2381372",42,1,139510
"STK2389390",42,1,164850
"STK1100877",42,1,87500
"STK2363234",42,2,260800
"STK2231509",42,1,231000
"STK2377134",42,2,211000
"STK2366593",42,1,183190
"STK2186874",42,2,238000
"STK2372292",42,1,257320
"STK153762",42,1,171000
"STK2369778",42,1,137000
"STK2369210",42,1,143499
"STK2087405",42,1,87500
"STK2371226",42,1,146999
"STK2364101",42,1,146500
"STK1985091",42,3,1173499
"STK2369038",42,1,147000
"STK2130726",42,2,229660
"STK2366421",42,1,164710
"STK2372091",42,3,451050
"STK2369313",42,1,128350
"STK402910",99,2,300250
"STK990834",42,1,183855
"STK2381820",42,1,290500
"STK2383210",42,1,135500
"STK1106015",42,2,252750
"STK2379646",42,1,112500
"STK2383240",42,1,114000
"STK2386866",42,1,146999
"STK2381727",42,1,216490
"STK2381477",42,1,171000
"STK2384329",42,1,171000
"STK2386890",42,2,490500
"STK2383599",42,1,138800
"STK1800842",42,1,262430
"STK2387104",42,1,122500
"STK1556737",42,1,143500
"STK1320896",42,2,221999
"STK2367494",42,3,276499
"STK2374409",42,1,162800
"STK2372039",42,1,115500
"STK2374711",42,1,164500
"STK254896",112,5,1567230
"STK2365935",42,2,279850
"STK2365460",42,2,327839
"STK2379364",42,1,167930
"STK2370068",42,1,135700
"STK2371462",42,1,147000
"STK2366829",42,1,219000
"STK2378858",42,1,120000
"STK2372657",42,1,113450
"STK2369828",42,1,314300
"STK2368223",42,1,164850
"STK2375070",42,4,3975619.6
"STK2365594",42,1,164800
"STK2371523",42,1,183190
"STK2366426",42,1,164850
"STK1170521",42,1,164500
"STK2369946",42,1,61600
"STK2076391",51,2,323850
"STK2387387",42,1,269500
"STK2387183",42,1,96800
"STK2382020",42,1,170500
"STK2386635",42,1,154000
"STK2379882",42,1,169000
"STK2387122",42,1,150000
"STK2381152",42,2,284850
"STK2385413",42,2,446110
"STK415675",42,1,164000
"STK2384529",42,1,157465
"STK2382520",42,1,110600
"STK2389821",42,1,171000
"STK2389119",42,2,399100
"STK2372035",42,1,120500
"STK1434276",42,1,167230
"STK2026412",54,4,837415
"STK1971019",51,7,5660230
"STK2365868",42,2,355880
"STK2371981",42,1,171000
"STK423155",42,1,164850
"STK2372613",42,1,145500
"STK2379261",42,1,157400
"STK2376443",42,1,149000
"STK2246149",42,1,210000
"STK2367051",42,2,448000
"STK1752450",42,1,148750
"STK2368163",42,1,137000
"STK2378158",42,1,267750
"STK469836",91,6,2238000
"STK2367929",42,1,163200
"STK2367259",42,1,164850
"STK2376185",42,1,153300
"STK642054",52,4,646999
"STK2370283",42,1,116100
"STK397436",42,1,164499
"STK2373238",42,1,164850
"STK2363320",42,1,174999
"STK2364440",42,1,245175
"STK2363067",42,1,160930
"STK1182261",42,1,136430
"STK2369647",42,1,137000
"STK2366208",42,2,198800
"STK2369408",42,1,98630
"STK2386060",42,1,150850
"STK454015",42,1,171150
"STK2386674",42,2,409921
"STK2384207",42,1,286930
"STK2387120",42,1,164850
"STK2381969",42,1,122500
"STK2389362",42,1,164850
"STK1020092",42,1,98630
"STK2361983",42,1,176324
"STK2367493",42,1,199499
"STK2366782",42,2,198810
"STK2008617",61,4,734700
"STK2371183",42,1,147000
"STK1432883",42,1,92500
"STK2374873",42,1,128810
"STK2380575",42,1,330000
"STK1550441",70,2,550000
"STK771492",72,2,276550
"STK2377867",42,1,174965
"STK2379664",42,1,307930
"STK2372183",42,1,160500
"STK2372481",42,1,127000
"STK2366481",42,1,179150
"STK1838866",42,1,138800
"STK2379714",42,1,134150
"STK757810",42,1,136430
"STK1644320",42,1,138810
"STK2372394",42,1,174965
"STK93432",42,2,198000
"STK445525",93,2,278700
"STK2374441",42,1,164000
"STK2367277",42,1,227570
"STK2366368",42,1,194470
"STK2375796",42,1,171150
"STK2382940",42,1,139510
"STK2380694",42,1,103600
"STK2382451",42,1,283850
"STK2387348",42,1,122430
"STK2387037",42,1,164800
"STK1245059",42,1,118990
"STK2382754",42,1,238000
"STK2161589",42,1,290500
"STK2382729",42,1,119000
"STK2384653",42,1,164500
"STK1092136",68,2,316000
"STK1746292",42,1,164850
"STK2196795",42,1,164850
"STK2369504",42,1,238914
"STK2370121",42,1,130430
"STK2369295",42,2,439900
"STK2363653",42,1,146999
"STK2373342",42,2,291450
"STK2373293",42,1,164000
"STK2319019",42,1,105000
"STK2370889",42,1,60000
"STK2371676",42,1,110600
"STK2372237",42,1,167230
"STK1550080",50,5,1155730
"STK2367333",42,2,256350
"STK2371733",42,1,288600
"STK2374054",42,1,164500
"STK2365236",42,1,110000
"STK752422",42,1,141500
"STK2380670",42,1,248066
"STK2206595",47,2,288000
"STK2370507",42,1,142000
"STK1351983",42,1,164850
"STK2367841",42,1,238000
"STK2377513",42,1,115000
"STK2367231",42,1,98000
"STK204008",42,2,255250
"STK2368107",42,4,8254660
"STK2365494",42,1,191500
"STK2369952",42,1,164800
"STK2376023",42,5,917437
"STK2375748",42,1,137000
"STK2374254",42,1,269500
"STK2381281",42,1,164500
"STK2381934",42,2,299495
"STK2386898",42,1,164850
"STK2111644",42,2,198530
"STK2380555",42,1,98630
"STK2180055",42,1,98630
"STK1483528",42,1,164850
"STK2387006",42,1,116500
"STK1425155",42,1,106491
"STK2378478",42,1,236300
"STK2225858",42,2,272230
"STK2377014",42,1,109299
"STK2365309",42,1,91630
"STK2378639",42,1,117500
"STK2060705",42,1,130000
"STK2379862",42,1,159250
"STK2375252",42,1,75000
"STK2375527",42,2,492000
"STK1963662",42,1,236000
"STK2371497",42,1,75650
"STK2367177",42,1,139510
"STK2377280",42,1,92600
"STK704374",42,1,164499
"STK2375669",42,1,307930
"STK2376401",42,1,122500
"STK1372600",42,1,157430
"STK2372120",42,1,165000
"STK2370692",42,1,167230
"STK2365430",42,1,183650
"STK2373438",42,1,147026
"STK1012750",42,1,164850
"STK2384195",42,1,249900
"STK2381440",42,1,290500
"STK2382852",42,1,164800
"STK2375267",42,1,234500
"STK2380143",42,1,173495
"STK2382371",42,1,163900
"STK2384833",42,1,135500
"STK2388860",42,1,184200
"STK2388794",42,1,167230
"STK2389813",42,1,159350
